<?xml version='1.0' encoding='utf-8' standalone='yes' ?>
<palabra>
  <palabra>
    <nombre>mercurio</nombre>
    <pista_descripcion>Es el planeta del Sistema Solar más próximo al Sol y el más pequeño.</pista_descripcion>
  </palabra>
  <palabra>
    <nombre>venus</nombre>
    <pista_descripcion>Planeta que recibe su nombre en honor a Venus, la diosa romana del amor.</pista_descripcion>
  </palabra>
  <palabra>
    <nombre>tierra</nombre>
    <pista_descripcion>Es un planeta proporciona las condiciones necesarias para la vida.</pista_descripcion>
  </palabra>
  <palabra>
    <nombre>marte</nombre>
    <pista_descripcion>Planeta que recibe el apodo de planeta rojo debido su apariencia rojiza.</pista_descripcion>
  </palabra>
  <palabra>
    <nombre>júpiter</nombre>
    <pista_descripcion>Es el planeta con mayor masa del Sistema Solar. Recibe su nombre de la mitología romana.</pista_descripcion>
  </palabra>
  <palabra>
    <nombre>saturno</nombre>
    <pista_descripcion>Sexto planeta del Sistema Solar y el único con un sistema de anillos visible desde nuestro planeta.</pista_descripcion>
  </palabra>
  <palabra>
    <nombre>urano</nombre>
    <pista_descripcion>Planeta que gira alrededor del Sol una vez cada 84 años terrestres.</pista_descripcion>
  </palabra>
  <palabra>
    <nombre>neptuno</nombre>
    <pista_descripcion>Este planeta tiene un sistema de cuatro anillos estrechos, delgados y muy tenues.</pista_descripcion>
  </palabra>
</palabra>