<?xml version='1.0' encoding='utf-8' standalone='yes' ?>
<palabra>
  <palabra>
    <nombre>mercurio</nombre>
  </palabra>
  <palabra>
    <nombre>venus</nombre>
  </palabra>
  <palabra>
    <nombre>tierra</nombre>
  </palabra>
  <palabra>
    <nombre>marte</nombre>
  </palabra>
  <palabra>
    <nombre>jupiter</nombre>
  </palabra>
  <palabra>
    <nombre>saturno</nombre>
  </palabra>
  <palabra>
    <nombre>urano</nombre>
  </palabra>
  <palabra>
    <nombre>neptuno</nombre>
  </palabra>
</palabra>